verdict	only_hist	only_disk	disk_size	hist_size	rel_path	snapshot	strategy	hist_uri
PURE_REGRESSION	130	0	25983	259823	CaseCrack/tools/burp_enterprise/caap/exploitation_engine.py	C:\Users\ya754\AppData\Roaming\Code\User\History\b4f408b\WYFs.py	basename	file:///c%3A/Users/ya754/Shopigy/tools/burp_enterprise/exploitation_engine.py
PURE_REGRESSION	118	0	45257	179609	CaseCrack/tools/burp_enterprise/intel/vulnerability_intelligence.py	C:\Users\ya754\AppData\Roaming\Code\User\History\-4ee3b7d0\6c9f.py	basename	file:///c%3A/Users/ya754/CaseCrack%20v1.0/CaseCrack/tools/burp_enterprise/vulnerability_intelligence.py
PURE_REGRESSION	5	0	147393	166649	CaseCrack/tools/burp_enterprise/agents/agent_loop.py	C:\Users\ya754\AppData\Roaming\Code\User\History\11489f5d\uII7.py	basename	file:///c%3A/Users/ya754/CaseCrack%20v1.0/CaseCrack/tools/burp_enterprise/agents/agent_loop.py
PURE_REGRESSION	4	0	130538	149708	CaseCrack/tools/burp_enterprise/agents/copilot_loop.py	C:\Users\ya754\AppData\Roaming\Code\User\History\-1de60ddc\f2sP.py	basename	file:///c%3A/Users/ya754/CaseCrack%20v1.0/CaseCrack/tools/burp_enterprise/agents/copilot_loop.py
PURE_REGRESSION	9	0	99637	113895	CaseCrack/tools/burp_enterprise/agents/agent_memory.py	C:\Users\ya754\AppData\Roaming\Code\User\History\-a91aa0\2Uay.py	basename	file:///c%3A/Users/ya754/CaseCrack%20v1.0/CaseCrack/tools/burp_enterprise/agents/agent_memory.py
PURE_REGRESSION	15	0	95494	106449	CaseCrack/tools/burp_enterprise/event_bus.py	C:\Users\ya754\AppData\Roaming\Code\User\History\b1c61c1\BKtK.py	basename	file:///c%3A/Users/ya754/CaseCrack%20v1.0/CaseCrack/tools/burp_enterprise/event_bus.py
PURE_REGRESSION	7	0	88501	98554	CaseCrack/tools/burp_enterprise/agents/goal_planner.py	C:\Users\ya754\AppData\Roaming\Code\User\History\-33a92214\ztB6.py	basename	file:///c%3A/Users/ya754/CaseCrack%20v1.0/CaseCrack/tools/burp_enterprise/goal_planner.py
PURE_REGRESSION	7	0	66228	82689	CaseCrack/tools/burp_enterprise/agents/attack_reasoning.py	C:\Users\ya754\AppData\Roaming\Code\User\History\-1337ca8c\wOmy.py	basename	file:///c%3A/Users/ya754/CaseCrack%20v1.0/CaseCrack/tools/burp_enterprise/agents/attack_reasoning.py
PURE_REGRESSION	11	0	60382	76280	CaseCrack/tools/burp_enterprise/pipeline/full_scan_orchestrator.py	C:\Users\ya754\AppData\Roaming\Code\User\History\c954133\ebuE.py	basename	file:///c%3A/Users/ya754/CaseCrack%20v1.0/CaseCrack/tools/burp_enterprise/pipeline/full_scan_orchestrator.py
PURE_REGRESSION	4	0	65927	73527	CaseCrack/tools/burp_enterprise/agents/agent_sessions.py	C:\Users\ya754\AppData\Roaming\Code\User\History\320c31c4\bgk7.py	basename	file:///c%3A/Users/ya754/CaseCrack%20v1.0/CaseCrack/tools/burp_enterprise/agents/agent_sessions.py
PURE_REGRESSION	22	0	22974	72825	CaseCrack/tools/burp_enterprise/testing_tools/racer.py	C:\Users\ya754\AppData\Roaming\Code\User\History\-2fa5a1e5\FeC9.py	basename	file:///c%3A/Users/ya754/CaseCrack%20v1.0/CaseCrack/tools/burp_enterprise/racer.py
PURE_REGRESSION	5	0	47924	58632	CaseCrack/tools/burp_enterprise/agents/cognitive_bridge.py	C:\Users\ya754\AppData\Roaming\Code\User\History\-1204b413\D4ef.py	basename	file:///c%3A/Users/ya754/CaseCrack%20v1.0/CaseCrack/tools/burp_enterprise/agents/cognitive_bridge.py
PURE_REGRESSION	5	0	47018	57170	CaseCrack/tools/burp_enterprise/misc/safety_guardrails.py	C:\Users\ya754\AppData\Roaming\Code\User\History\-728031cd\tOze.py	basename	file:///c%3A/Users/ya754/CaseCrack%20v1.0/CaseCrack/tools/burp_enterprise/safety_guardrails.py
PURE_REGRESSION	24	0	48163	54684	CaseCrack/tests/test_agent_loop.py	C:\Users\ya754\AppData\Roaming\Code\User\History\178e9471\umdl.py	basename	file:///c%3A/Users/ya754/Shopigy/tests/test_agent_loop.py
PURE_REGRESSION	5	0	42443	47632	CaseCrack/tools/burp_enterprise/network/network_safety.py	C:\Users\ya754\AppData\Roaming\Code\User\History\1271bcaf\Sq7W.py	basename	file:///c%3A/Users/ya754/CaseCrack%20v1.0/CaseCrack/tools/burp_enterprise/network_safety.py
PURE_REGRESSION	4	0	26789	32319	CaseCrack/tools/burp_enterprise/agents/rl_reward_engine.py	C:\Users\ya754\AppData\Roaming\Code\User\History\-7ef6de72\8Rw0.py	basename	file:///c%3A/Users/ya754/CaseCrack%20v1.0/CaseCrack/tools/burp_enterprise/agents/rl_reward_engine.py
PURE_REGRESSION	8	0	2779	21367	CaseCrack/tools/burp_enterprise/scanners/finding_enrichment.py	C:\Users\ya754\AppData\Roaming\Code\User\History\2bcaa319\wnTh.py	basename	file:///c%3A/Users/ya754/CaseCrack%20v1.0/CaseCrack/tools/burp_enterprise/finding_enrichment.py
PURE_REGRESSION	18	0	9694	12089	CaseCrack/tests/test_injection.py	C:\Users\ya754\AppData\Roaming\Code\User\History\-7288a298\yxF3.py	basename	file:///c%3A/Users/ya754/Shopigy/tests/test_injection.py
REFACTORED	172	17	8327	260585	CaseCrack/grpc/testserver/server.py	C:\Users\ya754\AppData\Roaming\Code\User\History\370374e4\h6DS.py	basename	file:///c%3A/Users/ya754/CaseCrack%20v1.0/CaseCrack/tools/burp_enterprise/recon_dashboard/server.py
REFACTORED	34	1	183890	260480	CaseCrack/tools/burp_enterprise/cli/_parsers/recon.py	C:\Users\ya754\AppData\Roaming\Code\User\History\6bdf4bbb\HG3v.py	basename	file:///c%3A/Users/ya754/CaseCrack%20v1.0/CaseCrack/tools/burp_enterprise/cli/commands/recon.py
REFACTORED	99	12	26973	259339	CaseCrack/tools/burp_enterprise/graph/runner.py	C:\Users\ya754\AppData\Roaming\Code\User\History\3f9221d7\W4Eh.py	basename	file:///c%3A/Users/ya754/CaseCrack%20v1.0/CaseCrack/tools/burp_enterprise/recon_dashboard/runner.py
REFACTORED	99	9	14608	259339	CaseCrack/tools/burp_enterprise/graph/multi_agent/runner.py	C:\Users\ya754\AppData\Roaming\Code\User\History\3f9221d7\W4Eh.py	basename	file:///c%3A/Users/ya754/CaseCrack%20v1.0/CaseCrack/tools/burp_enterprise/recon_dashboard/runner.py
REFACTORED	99	8	13469	259339	CaseCrack/tools/burp_enterprise/graph/reasoning/runner.py	C:\Users\ya754\AppData\Roaming\Code\User\History\3f9221d7\W4Eh.py	basename	file:///c%3A/Users/ya754/CaseCrack%20v1.0/CaseCrack/tools/burp_enterprise/recon_dashboard/runner.py
REFACTORED	48	57	71924	257834	CaseCrack/tools/burp_enterprise/agents/llm_bridge.py	C:\Users\ya754\AppData\Roaming\Code\User\History\6532e0c0\wbiO.py	basename	file:///c%3A/Users/ya754/CaseCrack%20v1.0/CaseCrack/tools/burp_enterprise/agents/llm_bridge.py
REFACTORED	56	1	2651	255979	CaseCrack/tools/burp_enterprise/cli/_parsers/recon_dashboard.py	C:\Users\ya754\AppData\Roaming\Code\User\History\417a6ff8\jP7o.py	basename	file:///c%3A/Users/ya754/CaseCrack%20v1.0/CaseCrack/tools/burp_enterprise/recon_dashboard.py
REFACTORED	41	15	9886	222971	CaseCrack/tools/burp_enterprise/graph/state.py	C:\Users\ya754\AppData\Roaming\Code\User\History\4034c236\fh33.py	basename	file:///c%3A/Users/ya754/CaseCrack%20v1.0/CaseCrack/tools/burp_enterprise/recon_dashboard/state.py
REFACTORED	41	10	10395	222971	CaseCrack/tools/burp_enterprise/graph/multi_agent/state.py	C:\Users\ya754\AppData\Roaming\Code\User\History\4034c236\fh33.py	basename	file:///c%3A/Users/ya754/CaseCrack%20v1.0/CaseCrack/tools/burp_enterprise/recon_dashboard/state.py
REFACTORED	41	9	7789	222971	CaseCrack/tools/burp_enterprise/graph/reasoning/state.py	C:\Users\ya754\AppData\Roaming\Code\User\History\4034c236\fh33.py	basename	file:///c%3A/Users/ya754/CaseCrack%20v1.0/CaseCrack/tools/burp_enterprise/recon_dashboard/state.py
REFACTORED	354	42	41591	199833	CaseCrack/tools/burp_enterprise/swarm/agent_roles.py	C:\Users\ya754\AppData\Roaming\Code\User\History\6c2949d9\IwkQ.py	basename	file:///c%3A/Users/ya754/CaseCrack%20v1.0/CaseCrack/tools/burp_enterprise/agent_roles.py
REFACTORED	3	14	48081	174682	CaseCrack/tools/burp_enterprise/mcp/mcp_server.py	C:\Users\ya754\AppData\Roaming\Code\User\History\7a52a48a\dWOx.py	basename	file:///c%3A/Users/ya754/CaseCrack%20v1.0/CaseCrack/tools/burp_enterprise/mcp_server.py
REFACTORED	66	10	109085	161727	CaseCrack/tools/burp_enterprise/discovery_pkg/subdomain.py	C:\Users\ya754\AppData\Roaming\Code\User\History\15373578\dYf9.py	basename	file:///c%3A/Users/ya754/CaseCrack%20v1.0/CaseCrack/tools/burp_enterprise/subdomain.py
REFACTORED	129	30	23200	142954	CaseCrack/tools/burp_enterprise/testing_tools/sequencer.py	C:\Users\ya754\AppData\Roaming\Code\User\History\6c400f9\j8ei.py	basename	file:///c%3A/Users/ya754/Desktop/Burp%20Suite%20Killer/Burp%20Suite%20Killer/burp_suite_killer/core/sequencer.py
REFACTORED	12	1	24651	126036	CaseCrack/tools/burp_enterprise/cli/_parsers/intel.py	C:\Users\ya754\AppData\Roaming\Code\User\History\-427ea40c\8bkb.py	basename	file:///c%3A/Users/ya754/CaseCrack%20v1.0/CaseCrack/tools/burp_enterprise/cli/commands/intel.py
REFACTORED	14	9	22591	123844	CaseCrack/tools/burp_enterprise/secrets/secret_patterns.py	C:\Users\ya754\AppData\Roaming\Code\User\History\66332e6a\9mSv.py	basename	file:///c%3A/Users/ya754/CaseCrack%20v1.0/CaseCrack/tools/burp_enterprise/secret_patterns.py
REFACTORED	108	1	8739	122958	CaseCrack/tools/burp_enterprise/secrets/crawl_secrets_pipeline.py	C:\Users\ya754\AppData\Roaming\Code\User\History\-636a6de4\Hnic.py	basename	file:///c%3A/Users/ya754/CaseCrack%20v1.0/CaseCrack/tools/burp_enterprise/crawl_secrets_pipeline.py
REFACTORED	20	25	37689	115006	CaseCrack/tools/burp_enterprise/scanners/injection.py	C:\Users\ya754\AppData\Roaming\Code\User\History\5da95ad3\OWpb.py	basename	file:///c%3A/Users/ya754/CaseCrack%20v1.0/CaseCrack/tools/burp_enterprise/cli/commands/injection.py
REFACTORED	20	1	17183	115006	CaseCrack/tools/burp_enterprise/cli/_parsers/injection.py	C:\Users\ya754\AppData\Roaming\Code\User\History\5da95ad3\OWpb.py	basename	file:///c%3A/Users/ya754/CaseCrack%20v1.0/CaseCrack/tools/burp_enterprise/cli/commands/injection.py
REFACTORED	111	15	10857	106655	CaseCrack/tools/burp_enterprise/cli/commands/dynamic_chain.py	C:\Users\ya754\AppData\Roaming\Code\User\History\41fa8fda\REq3.py	basename	file:///c%3A/Users/ya754/CaseCrack%20v1.0/CaseCrack/tools/burp_enterprise/exploit_chains/dynamic_chain.py
REFACTORED	111	1	6354	106655	CaseCrack/tools/burp_enterprise/cli/_parsers/dynamic_chain.py	C:\Users\ya754\AppData\Roaming\Code\User\History\41fa8fda\REq3.py	basename	file:///c%3A/Users/ya754/CaseCrack%20v1.0/CaseCrack/tools/burp_enterprise/exploit_chains/dynamic_chain.py
REFACTORED	17	4	49678	104139	CaseCrack/tools/burp_enterprise/discovery_pkg/smart_wordlists.py	C:\Users\ya754\AppData\Roaming\Code\User\History\-7d6d08b9\z8J4.py	basename	file:///c%3A/Users/ya754/CaseCrack%20v1.0/CaseCrack/tools/burp_enterprise/smart_wordlists.py
REFACTORED	111	2	12377	102814	CaseCrack/tools/burp_enterprise/cli/commands/evolutionary_fuzzer.py	C:\Users\ya754\AppData\Roaming\Code\User\History\ddbd54e\bluh.py	basename	file:///c%3A/Users/ya754/CaseCrack%20v1.0/CaseCrack/tools/burp_enterprise/evolutionary_fuzzer.py
REFACTORED	111	1	6102	102814	CaseCrack/tools/burp_enterprise/cli/_parsers/evolutionary_fuzzer.py	C:\Users\ya754\AppData\Roaming\Code\User\History\ddbd54e\bluh.py	basename	file:///c%3A/Users/ya754/CaseCrack%20v1.0/CaseCrack/tools/burp_enterprise/evolutionary_fuzzer.py
REFACTORED	25	55	27772	101963	CaseCrack/tools/burp_enterprise/core.py	C:\Users\ya754\AppData\Roaming\Code\User\History\35aa2e85\2TtJ.py	basename	file:///c%3A/Users/ya754/CaseCrack%20v1.0/CaseCrack/tools/burp_enterprise/cli/commands/core.py
REFACTORED	25	1	32369	101963	CaseCrack/tools/burp_enterprise/cli/_parsers/core.py	C:\Users\ya754\AppData\Roaming\Code\User\History\35aa2e85\2TtJ.py	basename	file:///c%3A/Users/ya754/CaseCrack%20v1.0/CaseCrack/tools/burp_enterprise/cli/commands/core.py
REFACTORED	44	7	19645	101105	CaseCrack/tools/burp_enterprise/secrets/secret_verifier.py	C:\Users\ya754\AppData\Roaming\Code\User\History\3a8aad97\Ib68.py	basename	file:///c%3A/Users/ya754/CaseCrack%20v1.0/CaseCrack/tools/burp_enterprise/secret_verifier.py
REFACTORED	17	1	68527	100011	CaseCrack/tools/burp_enterprise/learning_loop_engine.py	C:\Users\ya754\AppData\Roaming\Code\User\History\7c838736\Uhkc.py	basename	file:///c%3A/Users/ya754/CaseCrack%20v1.0/CaseCrack/tools/burp_enterprise/learning_loop_engine.py
REFACTORED	75	30	41326	98116	CaseCrack/tools/burp_enterprise/discovery_pkg/discovery.py	C:\Users\ya754\AppData\Roaming\Code\User\History\-741b5682\htAZ.py	basename	file:///c%3A/Users/ya754/CaseCrack%20v1.0/CaseCrack/tools/burp_enterprise/strategy/discovery.py
REFACTORED	75	3	35326	98116	CaseCrack/tools/burp_enterprise/recon_dashboard/phase_handlers/discovery.py	C:\Users\ya754\AppData\Roaming\Code\User\History\-741b5682\htAZ.py	basename	file:///c%3A/Users/ya754/CaseCrack%20v1.0/CaseCrack/tools/burp_enterprise/strategy/discovery.py
REFACTORED	4	30	27781	89500	CaseCrack/tools/burp_enterprise/agents/copilot.py	C:\Users\ya754\AppData\Roaming\Code\User\History\51b1d038\Ifv5.py	basename	file:///c%3A/Users/ya754/Shopigy/tools/burp_enterprise/cli/commands/copilot.py
REFACTORED	4	1	7346	89500	CaseCrack/tools/burp_enterprise/cli/_parsers/copilot.py	C:\Users\ya754\AppData\Roaming\Code\User\History\51b1d038\Ifv5.py	basename	file:///c%3A/Users/ya754/Shopigy/tools/burp_enterprise/cli/commands/copilot.py
REFACTORED	0	4	8132	88768	CaseCrack/tools/burp_enterprise/__init__.py	C:\Users\ya754\AppData\Roaming\Code\User\History\-3bcd2844\XCHc.py	basename	file:///c%3A/Users/ya754/Shopigy/tools/burp_enterprise/__init__.py
REFACTORED	0	4	34955	88768	CaseCrack/tools/burp_enterprise/cli/commands/__init__.py	C:\Users\ya754\AppData\Roaming\Code\User\History\-3bcd2844\XCHc.py	basename	file:///c%3A/Users/ya754/Shopigy/tools/burp_enterprise/__init__.py
REFACTORED	21	98	48218	86704	CaseCrack/tools/burp_enterprise/atlas/models.py	C:\Users\ya754\AppData\Roaming\Code\User\History\53b98f6\EW1a.py	basename	file:///c%3A/Users/ya754/CaseCrack%20v1.0/CaseCrack/tools/burp_enterprise/strategy/models.py
REFACTORED	21	20	14212	86704	CaseCrack/tools/burp_enterprise/compliance_pkg/models.py	C:\Users\ya754\AppData\Roaming\Code\User\History\53b98f6\EW1a.py	basename	file:///c%3A/Users/ya754/CaseCrack%20v1.0/CaseCrack/tools/burp_enterprise/strategy/models.py
REFACTORED	21	20	10012	86704	CaseCrack/tools/burp_enterprise/passive_templates/models.py	C:\Users\ya754\AppData\Roaming\Code\User\History\53b98f6\EW1a.py	basename	file:///c%3A/Users/ya754/CaseCrack%20v1.0/CaseCrack/tools/burp_enterprise/strategy/models.py
REFACTORED	21	32	12827	86704	CaseCrack/tools/burp_enterprise/vuln_intel/models.py	C:\Users\ya754\AppData\Roaming\Code\User\History\53b98f6\EW1a.py	basename	file:///c%3A/Users/ya754/CaseCrack%20v1.0/CaseCrack/tools/burp_enterprise/strategy/models.py
REFACTORED	84	6	12556	83294	CaseCrack/tools/burp_enterprise/cli/commands/advanced_racer.py	C:\Users\ya754\AppData\Roaming\Code\User\History\-7315b252\6X4b.py	basename	file:///c%3A/Users/ya754/CaseCrack%20v1.0/CaseCrack/tools/burp_enterprise/advanced_racer.py
REFACTORED	84	1	7446	83294	CaseCrack/tools/burp_enterprise/cli/_parsers/advanced_racer.py	C:\Users\ya754\AppData\Roaming\Code\User\History\-7315b252\6X4b.py	basename	file:///c%3A/Users/ya754/CaseCrack%20v1.0/CaseCrack/tools/burp_enterprise/advanced_racer.py
REFACTORED	59	11	20144	81808	CaseCrack/tools/burp_enterprise/exploit_chains/payload_arbiter.py	C:\Users\ya754\AppData\Roaming\Code\User\History\-6f3a78fd\dlFG.py	basename	file:///c%3A/Users/ya754/CaseCrack%20v1.0/CaseCrack/tools/burp_enterprise/exploit_chains/payload_arbiter.py
REFACTORED	45	4	15818	80288	CaseCrack/tools/burp_enterprise/secrets/secret_verifiers_extended.py	C:\Users\ya754\AppData\Roaming\Code\User\History\-4d07c40e\yk1p.py	basename	file:///c%3A/Users/ya754/CaseCrack%20v1.0/CaseCrack/tools/burp_enterprise/secret_verifiers_extended.py
REFACTORED	27	3	15319	79190	CaseCrack/tools/burp_enterprise/exploit_chains/weight_tuner.py	C:\Users\ya754\AppData\Roaming\Code\User\History\6e057ee0\X8Q1.py	basename	file:///c%3A/Users/ya754/CaseCrack%20v1.0/CaseCrack/tools/burp_enterprise/exploit_chains/weight_tuner.py
REFACTORED	56	42	45266	72078	CaseCrack/tools/burp_enterprise/atlas/store.py	C:\Users\ya754\AppData\Roaming\Code\User\History\621f702d\FDjq.py	basename	file:///c%3A/Users/ya754/CaseCrack%20v1.0/CaseCrack/tools/burp_enterprise/strategy/store.py
REFACTORED	18	15	36976	70338	CaseCrack/tools/burp_enterprise/hypothesis_engine.py	C:\Users\ya754\AppData\Roaming\Code\User\History\64279997\MbGW.py	basename	file:///c%3A/Users/ya754/CaseCrack%20v1.0/CaseCrack/tools/burp_enterprise/hypothesis_engine.py
REFACTORED	46	52	36462	70338	CaseCrack/tools/burp_enterprise/caap/hypothesis_engine.py	C:\Users\ya754\AppData\Roaming\Code\User\History\64279997\MbGW.py	basename	file:///c%3A/Users/ya754/CaseCrack%20v1.0/CaseCrack/tools/burp_enterprise/hypothesis_engine.py
REFACTORED	19	7	62998	70241	CaseCrack/tools/burp_enterprise/scanners/deserialize.py	C:\Users\ya754\AppData\Roaming\Code\User\History\-4220d623\yLLk.py	basename	file:///c%3A/Users/ya754/CaseCrack%20v1.0/CaseCrack/tools/burp_enterprise/deserialize.py
REFACTORED	99	56	40722	68261	CaseCrack/tools/burp_enterprise/core_infra/self_healing.py	C:\Users\ya754\AppData\Roaming\Code\User\History\1f67efeb\zbeF.py	basename	file:///c%3A/Users/ya754/CaseCrack%20v1.0/CaseCrack/tools/burp_enterprise/self_healing.py
REFACTORED	28	49	54146	67615	CaseCrack/tools/burp_enterprise/agents/advanced_agent_patterns.py	C:\Users\ya754\AppData\Roaming\Code\User\History\-73a8cea7\93xQ.py	basename	file:///c%3A/Users/ya754/CaseCrack%20v1.0/CaseCrack/tools/burp_enterprise/agents/advanced_agent_patterns.py
REFACTORED	40	15	16706	66776	CaseCrack/tools/burp_enterprise/reasoning/prompt_chains.py	C:\Users\ya754\AppData\Roaming\Code\User\History\-21530720\34xb.py	basename	file:///c%3A/Users/ya754/CaseCrack%20v1.0/CaseCrack/tools/burp_enterprise/reasoning/prompt_chains.py
REFACTORED	8	1	9698	62772	CaseCrack/tools/burp_enterprise/cli/_parsers/devsecops.py	C:\Users\ya754\AppData\Roaming\Code\User\History\-1ee3edcc\SXot.py	basename	file:///c%3A/Users/ya754/CaseCrack%20v1.0/CaseCrack/tools/burp_enterprise/cli/commands/devsecops.py
REFACTORED	9	2	32697	62448	CaseCrack/tools/burp_enterprise/scanners/passive_scanner.py	C:\Users\ya754\AppData\Roaming\Code\User\History\6bf43896\tXwI.py	basename	file:///c%3A/Users/ya754/CaseCrack%20v1.0/CaseCrack/tools/burp_enterprise/passive_scanner.py
REFACTORED	12	17	46602	60231	CaseCrack/tools/burp_enterprise/graph/reasoning/nodes.py	C:\Users\ya754\AppData\Roaming\Code\User\History\148e850c\RY4V.py	basename	file:///c%3A/Users/ya754/CaseCrack%20v1.0/CaseCrack/tools/burp_enterprise/graph/nodes.py
REFACTORED	11	1	12798	60099	CaseCrack/tools/burp_enterprise/cli/_parsers/api.py	C:\Users\ya754\AppData\Roaming\Code\User\History\593168f0\rY0o.py	basename	file:///c%3A/Users/ya754/CaseCrack%20v1.0/CaseCrack/tools/burp_enterprise/cli/commands/api.py
REFACTORED	8	1	10824	59324	CaseCrack/tools/burp_enterprise/cli/_parsers/auth.py	C:\Users\ya754\AppData\Roaming\Code\User\History\-29c7a824\2Z1e.py	basename	file:///c%3A/Users/ya754/CaseCrack%20v1.0/CaseCrack/tools/burp_enterprise/cli/commands/auth.py
REFACTORED	35	48	44622	58632	CaseCrack/tools/burp_enterprise/mcp/cognitive_bridge.py	C:\Users\ya754\AppData\Roaming\Code\User\History\-1204b413\D4ef.py	basename	file:///c%3A/Users/ya754/CaseCrack%20v1.0/CaseCrack/tools/burp_enterprise/agents/cognitive_bridge.py
REFACTORED	41	18	11330	55753	CaseCrack/tools/burp_enterprise/agents/target_mental_model.py	C:\Users\ya754\AppData\Roaming\Code\User\History\-3da23445\gY7p.py	basename	file:///c%3A/Users/ya754/CaseCrack%20v1.0/CaseCrack/tools/burp_enterprise/target_mental_model.py
REFACTORED	36	7	8770	54091	CaseCrack/tools/burp_enterprise/inference/gpu_governor.py	C:\Users\ya754\AppData\Roaming\Code\User\History\-321de56d\4cUG.py	basename	file:///c%3A/Users/ya754/CaseCrack%20v1.0/CaseCrack/tools/burp_enterprise/inference/gpu_governor.py
REFACTORED	46	27	17798	54091	CaseCrack/tools/burp_enterprise/swarm/gpu_governor.py	C:\Users\ya754\AppData\Roaming\Code\User\History\-321de56d\4cUG.py	basename	file:///c%3A/Users/ya754/CaseCrack%20v1.0/CaseCrack/tools/burp_enterprise/inference/gpu_governor.py
REFACTORED	35	16	30328	52847	CaseCrack/tools/burp_enterprise/exploit_chains/grammar_synthesizer.py	C:\Users\ya754\AppData\Roaming\Code\User\History\729d304b\0dqL.py	basename	file:///c%3A/Users/ya754/CaseCrack%20v1.0/CaseCrack/tools/burp_enterprise/exploit_chains/grammar_synthesizer.py
REFACTORED	36	13	39812	47151	CaseCrack/tools/burp_enterprise/core_infra/registry.py	C:\Users\ya754\AppData\Roaming\Code\User\History\4050eaaa\TJ0D.py	basename	file:///c%3A/Users/ya754/CaseCrack%20v1.0/CaseCrack/tools/burp_enterprise/tool_registry/registry.py
REFACTORED	24	15	16764	47151	CaseCrack/tools/burp_enterprise/tool_registry/registry.py	C:\Users\ya754\AppData\Roaming\Code\User\History\4050eaaa\TJ0D.py	basename	file:///c%3A/Users/ya754/CaseCrack%20v1.0/CaseCrack/tools/burp_enterprise/tool_registry/registry.py
REFACTORED	45	8	27311	45570	CaseCrack/tools/burp_enterprise/tool_registry/output_parsers.py	C:\Users\ya754\AppData\Roaming\Code\User\History\43fdc151\mtTp.py	basename	file:///c%3A/Users/ya754/CaseCrack%20v1.0/CaseCrack/tools/burp_enterprise/tool_registry/output_parsers.py
REFACTORED	21	9	13445	44077	CaseCrack/tools/burp_enterprise/exploit_chains/payload_synthesis_engine.py	C:\Users\ya754\AppData\Roaming\Code\User\History\-b3e0feb\90Xn.py	basename	file:///c%3A/Users/ya754/CaseCrack%20v1.0/CaseCrack/tools/burp_enterprise/exploit_chains/payload_synthesis_engine.py
REFACTORED	4	8	35205	42913	CaseCrack/tests/test_fix134_waf_phase14_degraded.py	C:\Users\ya754\AppData\Roaming\Code\User\History\7e21f311\zKmD.py	basename	file:///c%3A/Users/ya754/CaseCrack%20v1.0/CaseCrack/tests/test_fix134_waf_phase14_degraded.py
REFACTORED	15	11	22505	42242	CaseCrack/tools/burp_enterprise/exploit_chains/synthesis_context.py	C:\Users\ya754\AppData\Roaming\Code\User\History\-2b863a49\q1mG.py	basename	file:///c%3A/Users/ya754/CaseCrack%20v1.0/CaseCrack/tools/burp_enterprise/exploit_chains/synthesis_context.py
REFACTORED	6	23	8487	42038	CaseCrack/tools/burp_enterprise/compliance_pkg/data.py	C:\Users\ya754\AppData\Roaming\Code\User\History\5f1647db\3BEc.py	basename	file:///c%3A/Users/ya754/CaseCrack%20v1.0/CaseCrack/tools/burp_enterprise/vuln_intel/data.py
REFACTORED	15	34	34103	41514	CaseCrack/tools/burp_enterprise/recon_dashboard/target_scoring.py	C:\Users\ya754\AppData\Roaming\Code\User\History\225d8946\hFdr.py	basename	file:///c%3A/Users/ya754/CaseCrack%20v1.0/CaseCrack/tools/burp_enterprise/recon_dashboard/target_scoring.py
REFACTORED	15	16	20786	39965	CaseCrack/run_tests.py	C:\Users\ya754\AppData\Roaming\Code\User\History\56ecdcc8\KCLX.py	basename	file:///c%3A/Users/ya754/Fortini/tools/scripts/run_tests.py
REFACTORED	23	39	26276	38922	CaseCrack/tests/test_cli_api_extended.py	C:\Users\ya754\AppData\Roaming\Code\User\History\60f9d9ac\DmH8.py	basename	file:///c%3A/Users/ya754/CaseCrack%20v1.0/CaseCrack/tests/test_cli_api_extended.py
REFACTORED	22	35	27545	38167	CaseCrack/tools/burp_enterprise/swarm/multi_gpu/scheduler.py	C:\Users\ya754\AppData\Roaming\Code\User\History\e0d05cc\fbG7.py	basename	file:///c%3A/Users/ya754/CaseCrack%20v1.0/CaseCrack/tools/burp_enterprise/recon_dashboard/scheduler.py
REFACTORED	68	11	21366	37582	CaseCrack/tools/burp_enterprise/reporting/jira_client.py	C:\Users\ya754\AppData\Roaming\Code\User\History\5e00bc6\VBSA.py	basename	file:///c%3A/Users/ya754/CaseCrack%20v1.0/CaseCrack/tools/burp_enterprise/integrations/jira_client.py
REFACTORED	27	11	26006	37297	CaseCrack/tools/burp_enterprise/exploit_chains/genetic_forge.py	C:\Users\ya754\AppData\Roaming\Code\User\History\-67bb4266\FAiP.py	basename	file:///c%3A/Users/ya754/CaseCrack%20v1.0/CaseCrack/tools/burp_enterprise/exploit_chains/genetic_forge.py
REFACTORED	21	10	9799	36984	CaseCrack/tools/burp_enterprise/secrets/credential_enumerator.py	C:\Users\ya754\AppData\Roaming\Code\User\History\-26cc60b0\ftq7.py	basename	file:///c%3A/Users/ya754/CaseCrack%20v1.0/CaseCrack/tools/burp_enterprise/credential_enumerator.py
REFACTORED	15	4	26190	36297	CaseCrack/tools/burp_enterprise/synthesis_safety.py	C:\Users\ya754\AppData\Roaming\Code\User\History\-1bb50c2b\E2oc.py	basename	file:///c%3A/Users/ya754/CaseCrack%20v1.0/CaseCrack/tools/burp_enterprise/synthesis_safety.py
REFACTORED	5	7	27677	30694	CaseCrack/tools/burp_enterprise/exploit_chains/synthesis_tracer.py	C:\Users\ya754\AppData\Roaming\Code\User\History\-39ce9d25\QLmq.py	basename	file:///c%3A/Users/ya754/CaseCrack%20v1.0/CaseCrack/tools/burp_enterprise/exploit_chains/synthesis_tracer.py
REFACTORED	39	17	26358	30418	CaseCrack/tools/burp_enterprise/exploitation/engine.py	C:\Users\ya754\AppData\Roaming\Code\User\History\-33dd2d26\B01d.py	basename	file:///c%3A/Users/ya754/CaseCrack%20v1.0/CaseCrack/tools/burp_enterprise/inference/engine.py
REFACTORED	19	25	21814	30418	CaseCrack/tools/burp_enterprise/inference/engine.py	C:\Users\ya754\AppData\Roaming\Code\User\History\-33dd2d26\B01d.py	basename	file:///c%3A/Users/ya754/CaseCrack%20v1.0/CaseCrack/tools/burp_enterprise/inference/engine.py
REFACTORED	18	32	19603	29956	CaseCrack/tools/burp_enterprise/compliance_pkg/enterprise.py	C:\Users\ya754\AppData\Roaming\Code\User\History\-47e4b993\eIdA.py	basename	file:///d%3A/GameForge%202.0/GameForge-2.0/gameforge/models/enterprise.py
REFACTORED	39	3	1644	29365	CaseCrack/tools/burp_enterprise/scanners/telemetry.py	C:\Users\ya754\AppData\Roaming\Code\User\History\-6843c35d\5gsq.py	basename	file:///c%3A/Users/ya754/CaseCrack%20v1.0/CaseCrack/tools/burp_enterprise/telemetry.py
REFACTORED	15	7	9232	28690	CaseCrack/tools/burp_enterprise/inference/model_manager.py	C:\Users\ya754\AppData\Roaming\Code\User\History\859617b\VNIq.py	basename	file:///c%3A/Users/ya754/CaseCrack%20v1.0/CaseCrack/tools/burp_enterprise/inference/model_manager.py
REFACTORED	22	20	24314	28235	CaseCrack/tools/burp_enterprise/passive_templates/scanner.py	C:\Users\ya754\AppData\Roaming\Code\User\History\4896d57e\SsOm.py	basename	file:///c%3A/Users/ya754/CaseCrack%20v1.0/CaseCrack/tools/burp_enterprise/scanner.py
REFACTORED	17	10	14808	27958	CaseCrack/tools/burp_enterprise/exploit_chains/synthesis_feedback.py	C:\Users\ya754\AppData\Roaming\Code\User\History\734cf3e3\YU9x.py	basename	file:///c%3A/Users/ya754/CaseCrack%20v1.0/CaseCrack/tools/burp_enterprise/exploit_chains/synthesis_feedback.py
REFACTORED	20	25	15619	27162	CaseCrack/tools/burp_enterprise/reasoning/hypothesis_manager.py	C:\Users\ya754\AppData\Roaming\Code\User\History\5a03d5d7\1Lr9.py	basename	file:///c%3A/Users/ya754/CaseCrack%20v1.0/CaseCrack/tools/burp_enterprise/reasoning/hypothesis_manager.py
REFACTORED	17	5	7274	25256	CaseCrack/tools/burp_enterprise/secrets/docker_image_scanner.py	C:\Users\ya754\AppData\Roaming\Code\User\History\-66586fc9\Ub4o.py	basename	file:///c%3A/Users/ya754/CaseCrack%20v1.0/CaseCrack/tools/burp_enterprise/docker_image_scanner.py
REFACTORED	16	14	11022	25239	CaseCrack/tools/burp_enterprise/database/data_migration.py	C:\Users\ya754\AppData\Roaming\Code\User\History\3ef0668f\GL6a.py	basename	file:///c%3A/Users/ya754/CaseCrack%20v1.0/CaseCrack/tools/burp_enterprise/database/data_migration.py
REFACTORED	13	2	14323	24525	CaseCrack/tools/burp_enterprise/inference/model_management/model_registry.py	C:\Users\ya754\AppData\Roaming\Code\User\History\13ff49c9\O4kx.py	basename	file:///c%3A/Users/ya754/CaseCrack%20v1.0/CaseCrack/tools/burp_enterprise/inference/model_management/model_registry.py
REFACTORED	11	20	14338	23755	CaseCrack/tools/burp_enterprise/compliance_pkg/mapper.py	C:\Users\ya754\AppData\Roaming\Code\User\History\72125264\gXhg.py	basename	file:///c%3A/Users/ya754/CaseCrack%20v1.0/CaseCrack/tools/burp_enterprise/vuln_intel/mapper.py
REFACTORED	23	31	15425	22889	CaseCrack/tools/burp_enterprise/reasoning/kv_checkpoint.py	C:\Users\ya754\AppData\Roaming\Code\User\History\f3d22b1\Zxfe.py	basename	file:///c%3A/Users/ya754/CaseCrack%20v1.0/CaseCrack/tools/burp_enterprise/reasoning/kv_checkpoint.py
REFACTORED	3	5	10508	22365	CaseCrack/tools/burp_enterprise/exploit_chains/failure_pattern.py	C:\Users\ya754\AppData\Roaming\Code\User\History\-19daba80\Bhje.py	basename	file:///c%3A/Users/ya754/CaseCrack%20v1.0/CaseCrack/tools/burp_enterprise/exploit_chains/failure_pattern.py
REFACTORED	20	11	11548	22121	CaseCrack/tools/burp_enterprise/reasoning/context_budget.py	C:\Users\ya754\AppData\Roaming\Code\User\History\-1f870cd4\uqDV.py	basename	file:///c%3A/Users/ya754/CaseCrack%20v1.0/CaseCrack/tools/burp_enterprise/reasoning/context_budget.py
REFACTORED	10	1	10962	21405	CaseCrack/tools/burp_enterprise/inference/model_management/finetune_exporter.py	C:\Users\ya754\AppData\Roaming\Code\User\History\-7275cefc\Kzu3.py	basename	file:///c%3A/Users/ya754/CaseCrack%20v1.0/CaseCrack/tools/burp_enterprise/inference/model_management/finetune_exporter.py
REFACTORED	10	6	6938	21369	CaseCrack/tools/burp_enterprise/tool_registry/fallback.py	C:\Users\ya754\AppData\Roaming\Code\User\History\-13234a1b\Ivr0.py	basename	file:///c%3A/Users/ya754/CaseCrack%20v1.0/CaseCrack/tools/burp_enterprise/tool_registry/fallback.py
REFACTORED	16	10	10164	21199	CaseCrack/tools/burp_enterprise/memory/vector_index.py	C:\Users\ya754\AppData\Roaming\Code\User\History\648e0518\fb46.py	basename	file:///c%3A/Users/ya754/CaseCrack%20v1.0/CaseCrack/tools/burp_enterprise/memory/vector_index.py
REFACTORED	15	9	15709	21185	CaseCrack/tools/burp_enterprise/exploit_chains/llm_synthesizer.py	C:\Users\ya754\AppData\Roaming\Code\User\History\50fc2245\tgeL.py	basename	file:///c%3A/Users/ya754/CaseCrack%20v1.0/CaseCrack/tools/burp_enterprise/exploit_chains/llm_synthesizer.py
REFACTORED	7	1	2329	20678	CaseCrack/tools/burp_enterprise/cli/_parsers/go.py	C:\Users\ya754\AppData\Roaming\Code\User\History\-2e589024\Oqe1.py	basename	file:///c%3A/Users/ya754/CaseCrack%20v1.0/CaseCrack/tools/burp_enterprise/cli/commands/go.py
REFACTORED	20	5	3681	20503	CaseCrack/tools/burp_enterprise/secrets/docker_layer_analyzer.py	C:\Users\ya754\AppData\Roaming\Code\User\History\606162c9\DWbW.py	basename	file:///c%3A/Users/ya754/CaseCrack%20v1.0/CaseCrack/tools/burp_enterprise/docker_layer_analyzer.py
REFACTORED	24	9	5638	20143	CaseCrack/tools/burp_enterprise/secrets/git_deep_scanner.py	C:\Users\ya754\AppData\Roaming\Code\User\History\2c696da\0aHn.py	basename	file:///c%3A/Users/ya754/CaseCrack%20v1.0/CaseCrack/tools/burp_enterprise/git_deep_scanner.py
REFACTORED	12	14	14375	19740	CaseCrack/tools/burp_enterprise/atlas/graph.py	C:\Users\ya754\AppData\Roaming\Code\User\History\-5e7af384\9yao.py	basename	file:///c%3A/Users/ya754/CaseCrack%20v1.0/CaseCrack/tools/burp_enterprise/cli/commands/graph.py
REFACTORED	12	1	5172	19740	CaseCrack/tools/burp_enterprise/cli/_parsers/graph.py	C:\Users\ya754\AppData\Roaming\Code\User\History\-5e7af384\9yao.py	basename	file:///c%3A/Users/ya754/CaseCrack%20v1.0/CaseCrack/tools/burp_enterprise/cli/commands/graph.py
REFACTORED	12	4	8777	19531	CaseCrack/tools/burp_enterprise/tool_registry/action_translator.py	C:\Users\ya754\AppData\Roaming\Code\User\History\7c9ca0c4\Mt06.py	basename	file:///c%3A/Users/ya754/CaseCrack%20v1.0/CaseCrack/tools/burp_enterprise/tool_registry/action_translator.py
REFACTORED	8	2	6589	19414	CaseCrack/tools/burp_enterprise/inference/model_management/vram_selector.py	C:\Users\ya754\AppData\Roaming\Code\User\History\37be9f7c\qeBh.py	basename	file:///c%3A/Users/ya754/CaseCrack%20v1.0/CaseCrack/tools/burp_enterprise/inference/model_management/vram_selector.py
REFACTORED	8	3	9336	19145	CaseCrack/tools/burp_enterprise/inference/model_management/model_downloader.py	C:\Users\ya754\AppData\Roaming\Code\User\History\-52893bef\7tSv.py	basename	file:///c%3A/Users/ya754/CaseCrack%20v1.0/CaseCrack/tools/burp_enterprise/inference/model_management/model_downloader.py
REFACTORED	16	9	14026	19125	CaseCrack/tests/strict_fakes.py	C:\Users\ya754\AppData\Roaming\Code\User\History\-40068db0\xQFh.py	basename	file:///c%3A/Users/ya754/CaseCrack%20v1.0/CaseCrack/tests/strict_fakes.py
REFACTORED	25	15	16191	18948	CaseCrack/tools/burp_enterprise/analyzer.py	C:\Users\ya754\AppData\Roaming\Code\User\History\-589a15e3\7gxA.py	basename	file:///c%3A/Users/ya754/SLOT_JACK/core/analyzer.py
REFACTORED	6	4	7956	18702	CaseCrack/tools/burp_enterprise/exploit_chains/execution_scheduler.py	C:\Users\ya754\AppData\Roaming\Code\User\History\5217667\IxwG.py	basename	file:///c%3A/Users/ya754/CaseCrack%20v1.0/CaseCrack/tools/burp_enterprise/exploit_chains/execution_scheduler.py
REFACTORED	22	4	5663	18120	CaseCrack/tools/burp_enterprise/secrets/entropy_intelligence.py	C:\Users\ya754\AppData\Roaming\Code\User\History\-7a46199b\UfyW.py	basename	file:///c%3A/Users/ya754/CaseCrack%20v1.0/CaseCrack/tools/burp_enterprise/entropy_intelligence.py
REFACTORED	21	17	7816	17340	CaseCrack/tools/burp_enterprise/platforms/_base.py	C:\Users\ya754\AppData\Roaming\Code\User\History\1e6aaf14\KexQ.py	basename	file:///c%3A/Users/ya754/CaseCrack%20v1.0/CaseCrack/tools/burp_enterprise/tool_wrappers/_base.py
REFACTORED	6	1	3593	16738	CaseCrack/tools/burp_enterprise/cli/_parsers/passive_templates.py	C:\Users\ya754\AppData\Roaming\Code\User\History\6dbc2c49\Y6IT.py	basename	file:///c%3A/Users/ya754/CaseCrack%20v1.0/CaseCrack/tools/burp_enterprise/cli/commands/passive_templates.py
REFACTORED	15	7	7377	16688	CaseCrack/tools/burp_enterprise/inference/grammar.py	C:\Users\ya754\AppData\Roaming\Code\User\History\545ec0ab\3Mtt.py	basename	file:///c%3A/Users/ya754/CaseCrack%20v1.0/CaseCrack/tools/burp_enterprise/inference/grammar.py
REFACTORED	15	1	4126	16449	CaseCrack/tools/burp_enterprise/secrets/cross_fork_scanner.py	C:\Users\ya754\AppData\Roaming\Code\User\History\201036f2\xwpo.py	basename	file:///c%3A/Users/ya754/CaseCrack%20v1.0/CaseCrack/tools/burp_enterprise/cross_fork_scanner.py
REFACTORED	17	1	841	16403	CaseCrack/tools/burp_enterprise/cli/_parsers/worker.py	C:\Users\ya754\AppData\Roaming\Code\User\History\-2343c02f\zWm3.py	basename	file:///c%3A/Users/ya754/CaseCrack%20v1.0/CaseCrack/tools/burp_enterprise/pipeline/worker.py
REFACTORED	6	1	5380	16157	CaseCrack/tools/burp_enterprise/cli/_parsers/elite.py	C:\Users\ya754\AppData\Roaming\Code\User\History\-5dc4eae9\UWXn.py	basename	file:///c%3A/Users/ya754/CaseCrack%20v1.0/CaseCrack/tools/burp_enterprise/cli/commands/elite.py
REFACTORED	5	4	9019	15969	CaseCrack/tools/burp_enterprise/graph/builder.py	C:\Users\ya754\AppData\Roaming\Code\User\History\-2ef1a30e\HW2u.py	basename	file:///c%3A/Users/ya754/CaseCrack%20v1.0/CaseCrack/tools/burp_enterprise/graph/multi_agent/builder.py
REFACTORED	5	4	7894	15969	CaseCrack/tools/burp_enterprise/graph/reasoning/builder.py	C:\Users\ya754\AppData\Roaming\Code\User\History\-2ef1a30e\HW2u.py	basename	file:///c%3A/Users/ya754/CaseCrack%20v1.0/CaseCrack/tools/burp_enterprise/graph/multi_agent/builder.py
REFACTORED	11	5	6001	15531	CaseCrack/tools/burp_enterprise/secrets/canary_detector.py	C:\Users\ya754\AppData\Roaming\Code\User\History\ed90c8f\QRS9.py	basename	file:///c%3A/Users/ya754/CaseCrack%20v1.0/CaseCrack/tools/burp_enterprise/canary_detector.py
REFACTORED	38	22	10574	15478	CaseCrack/tools/burp_enterprise/email_hardening/_types.py	C:\Users\ya754\AppData\Roaming\Code\User\History\-4d46e660\oOKl.py	basename	file:///c%3A/Users/ya754/CaseCrack%20v1.0/CaseCrack/tools/burp_enterprise/wasm_analysis/_types.py
REFACTORED	38	22	10574	15478	CaseCrack/tools/burp_enterprise/_cold_storage/email_hardening/_types.py	C:\Users\ya754\AppData\Roaming\Code\User\History\-4d46e660\oOKl.py	basename	file:///c%3A/Users/ya754/CaseCrack%20v1.0/CaseCrack/tools/burp_enterprise/wasm_analysis/_types.py
REFACTORED	7	9	6839	14468	CaseCrack/tools/burp_enterprise/inference/kv_cache.py	C:\Users\ya754\AppData\Roaming\Code\User\History\-52f8b352\rVkn.py	basename	file:///c%3A/Users/ya754/CaseCrack%20v1.0/CaseCrack/tools/burp_enterprise/inference/kv_cache.py
REFACTORED	19	2	3479	14234	CaseCrack/tools/burp_enterprise/secrets/custom_detector.py	C:\Users\ya754\AppData\Roaming\Code\User\History\-647d0e18\V4YR.py	basename	file:///c%3A/Users/ya754/CaseCrack%20v1.0/CaseCrack/tools/burp_enterprise/custom_detector.py
REFACTORED	8	5	5371	12581	CaseCrack/tools/burp_enterprise/secrets/entropy_analyzer.py	C:\Users\ya754\AppData\Roaming\Code\User\History\-469e9662\mDS1.py	basename	file:///c%3A/Users/ya754/CaseCrack%20v1.0/CaseCrack/tools/burp_enterprise/entropy_analyzer.py
REFACTORED	8	10	7709	11771	CaseCrack/tools/burp_enterprise/memory/embedder.py	C:\Users\ya754\AppData\Roaming\Code\User\History\79be7d96\onO1.py	basename	file:///c%3A/Users/ya754/CaseCrack%20v1.0/CaseCrack/tools/burp_enterprise/memory/embedder.py
REFACTORED	13	6	2331	11748	CaseCrack/tests/integration/test_subfinder_integration.py	C:\Users\ya754\AppData\Roaming\Code\User\History\-640e7804\Dyfy.py	basename	file:///c%3A/Users/ya754/Downloads/New%20folder/ethical-hacker-agent/test_subfinder_integration.py
REFACTORED	5	2	4781	11039	CaseCrack/tools/burp_enterprise/secrets/keyword_prefilter.py	C:\Users\ya754\AppData\Roaming\Code\User\History\112576d7\f8H9.py	basename	file:///c%3A/Users/ya754/CaseCrack%20v1.0/CaseCrack/tools/burp_enterprise/keyword_prefilter.py
REFACTORED	11	20	9694	11004	CaseCrack/tools/burp_enterprise/output/evidence_collector.py	C:\Users\ya754\AppData\Roaming\Code\User\History\-2809dfdd\7uNU.py	basename	file:///c%3A/Users/ya754/Desktop/Project-Paypeezy/05-tools/scripts/evidence_collector.py
REFACTORED	9	1	8270	10752	CaseCrack/tools/burp_enterprise/cli/_parsers/osint.py	C:\Users\ya754\AppData\Roaming\Code\User\History\2304b91f\YQct.py	basename	file:///c%3A/Users/ya754/CaseCrack%20v1.0/CaseCrack/tools/burp_enterprise/cli/commands/osint.py
REFACTORED	17	12	6306	10110	CaseCrack/tools/burp_enterprise/ai_ml/_models.py	C:\Users\ya754\AppData\Roaming\Code\User\History\-7e29f07\zIkR.py	basename	file:///c%3A/Users/ya754/CaseCrack%20v1.0/CaseCrack/tools/burp_enterprise/graphql/_models.py
REFACTORED	7	1	5221	10050	CaseCrack/tools/burp_enterprise/cli/_parsers/gap_r.py	C:\Users\ya754\AppData\Roaming\Code\User\History\36e8caa1\IxS6.py	basename	file:///c%3A/Users/ya754/CaseCrack%20v1.0/CaseCrack/tools/burp_enterprise/cli/commands/gap_r.py
REFACTORED	24	20	7882	9701	CaseCrack/tests/integration/conftest.py	C:\Users\ya754\AppData\Roaming\Code\User\History\-30852ade\Gf8O.py	basename	file:///c%3A/Users/ya754/CaseCrack%20v1.0/CaseCrack/tests/conftest.py
REFACTORED	19	16	3811	9518	CaseCrack/tools/burp_enterprise/core_infra/health.py	C:\Users\ya754\AppData\Roaming\Code\User\History\1386042b\gIGn.py	basename	file:///c%3A/Users/ya754/CaseCrack%20v1.0/CaseCrack/tools/burp_enterprise/tool_registry/health.py
REFACTORED	10	1	2681	8790	CaseCrack/tools/burp_enterprise/cli/_parsers/findings.py	C:\Users\ya754\AppData\Roaming\Code\User\History\59153dba\tSrj.py	basename	file:///c%3A/Users/ya754/CaseCrack%20v1.0/CaseCrack/tools/burp_enterprise/cli/commands/findings.py
REFACTORED	1	6	3244	8646	CaseCrack/tests/integration/test_nuclei_integration.py	C:\Users\ya754\AppData\Roaming\Code\User\History\-69c3fdb2\XnUM.py	basename	file:///c%3A/Users/ya754/Downloads/New%20folder/ethical-hacker-agent/test_nuclei_integration.py
REFACTORED	13	1	5061	7271	CaseCrack/tests/test_unified_agent.py	C:\Users\ya754\AppData\Roaming\Code\User\History\-6993a379\eWuO.py	basename	file:///c%3A/Users/ya754/Shopigy/tests/test_unified_agent.py
REFACTORED	6	1	5099	5981	CaseCrack/tests/test_recon_transport.py	C:\Users\ya754\AppData\Roaming\Code\User\History\-21540a14\8YMk.py	basename	file:///c%3A/Users/ya754/CaseCrack%20v1.0/CaseCrack/tests/test_recon_transport.py
MINOR	0	1	27388	259235	CaseCrack/tools/burp_enterprise/recon_dashboard/report_generator.py	C:\Users\ya754\AppData\Roaming\Code\User\History\-29de5b81\qZKK.py	basename	file:///c%3A/Users/ya754/CaseCrack%20v1.0/CaseCrack/tools/burp_enterprise/recon_dashboard/report_generator.py
MINOR	0	3	2596	212854	CaseCrack/tools/burp_enterprise/secrets/secret_patterns_expanded.py	C:\Users\ya754\AppData\Roaming\Code\User\History\5f0b4c\FnVy.py	basename	file:///c%3A/Users/ya754/CaseCrack%20v1.0/CaseCrack/tools/burp_enterprise/secret_patterns_expanded.py
MINOR	0	0	89971	184049	CaseCrack/tools/burp_enterprise/exploit_chains/exploit_graph.py	C:\Users\ya754\AppData\Roaming\Code\User\History\384d54a2\QhRu.py	basename	file:///c%3A/Users/ya754/CaseCrack%20v1.0/CaseCrack/tools/burp_enterprise/exploit_graph.py
MINOR	0	0	17	88768	CaseCrack/tests/__init__.py	C:\Users\ya754\AppData\Roaming\Code\User\History\-3bcd2844\XCHc.py	basename	file:///c%3A/Users/ya754/Shopigy/tools/burp_enterprise/__init__.py
MINOR	0	0	118	88768	CaseCrack/tools/__init__.py	C:\Users\ya754\AppData\Roaming\Code\User\History\-3bcd2844\XCHc.py	basename	file:///c%3A/Users/ya754/Shopigy/tools/burp_enterprise/__init__.py
MINOR	0	0	0	88768	CaseCrack/grpc/testserver/__init__.py	C:\Users\ya754\AppData\Roaming\Code\User\History\-3bcd2844\XCHc.py	basename	file:///c%3A/Users/ya754/Shopigy/tools/burp_enterprise/__init__.py
MINOR	0	0	0	88768	CaseCrack/tests/integration/__init__.py	C:\Users\ya754\AppData\Roaming\Code\User\History\-3bcd2844\XCHc.py	basename	file:///c%3A/Users/ya754/Shopigy/tools/burp_enterprise/__init__.py
MINOR	0	0	408	88768	CaseCrack/tests/scenarios/__init__.py	C:\Users\ya754\AppData\Roaming\Code\User\History\-3bcd2844\XCHc.py	basename	file:///c%3A/Users/ya754/Shopigy/tools/burp_enterprise/__init__.py
MINOR	0	0	22323	88768	CaseCrack/tools/burp_enterprise/agents/__init__.py	C:\Users\ya754\AppData\Roaming\Code\User\History\-3bcd2844\XCHc.py	basename	file:///c%3A/Users/ya754/Shopigy/tools/burp_enterprise/__init__.py
MINOR	0	0	1396	88768	CaseCrack/tools/burp_enterprise/ai_ml/__init__.py	C:\Users\ya754\AppData\Roaming\Code\User\History\-3bcd2844\XCHc.py	basename	file:///c%3A/Users/ya754/Shopigy/tools/burp_enterprise/__init__.py
MINOR	0	3	2741	88768	CaseCrack/tools/burp_enterprise/atlas/__init__.py	C:\Users\ya754\AppData\Roaming\Code\User\History\-3bcd2844\XCHc.py	basename	file:///c%3A/Users/ya754/Shopigy/tools/burp_enterprise/__init__.py
MINOR	0	0	1461	88768	CaseCrack/tools/burp_enterprise/caap/__init__.py	C:\Users\ya754\AppData\Roaming\Code\User\History\-3bcd2844\XCHc.py	basename	file:///c%3A/Users/ya754/Shopigy/tools/burp_enterprise/__init__.py
MINOR	0	1	3701	88768	CaseCrack/tools/burp_enterprise/cli/__init__.py	C:\Users\ya754\AppData\Roaming\Code\User\History\-3bcd2844\XCHc.py	basename	file:///c%3A/Users/ya754/Shopigy/tools/burp_enterprise/__init__.py
MINOR	0	0	92	88768	CaseCrack/tools/burp_enterprise/cloud/__init__.py	C:\Users\ya754\AppData\Roaming\Code\User\History\-3bcd2844\XCHc.py	basename	file:///c%3A/Users/ya754/Shopigy/tools/burp_enterprise/__init__.py
MINOR	0	2	1705	88768	CaseCrack/tools/burp_enterprise/config/__init__.py	C:\Users\ya754\AppData\Roaming\Code\User\History\-3bcd2844\XCHc.py	basename	file:///c%3A/Users/ya754/Shopigy/tools/burp_enterprise/__init__.py
MINOR	0	0	233	88768	CaseCrack/tools/burp_enterprise/core_infra/__init__.py	C:\Users\ya754\AppData\Roaming\Code\User\History\-3bcd2844\XCHc.py	basename	file:///c%3A/Users/ya754/Shopigy/tools/burp_enterprise/__init__.py
MINOR	0	0	72	88768	CaseCrack/tools/burp_enterprise/data/__init__.py	C:\Users\ya754\AppData\Roaming\Code\User\History\-3bcd2844\XCHc.py	basename	file:///c%3A/Users/ya754/Shopigy/tools/burp_enterprise/__init__.py
MINOR	0	1	641	88768	CaseCrack/tools/burp_enterprise/database/__init__.py	C:\Users\ya754\AppData\Roaming\Code\User\History\-3bcd2844\XCHc.py	basename	file:///c%3A/Users/ya754/Shopigy/tools/burp_enterprise/__init__.py
MINOR	0	0	140	88768	CaseCrack/tools/burp_enterprise/discovery_pkg/__init__.py	C:\Users\ya754\AppData\Roaming\Code\User\History\-3bcd2844\XCHc.py	basename	file:///c%3A/Users/ya754/Shopigy/tools/burp_enterprise/__init__.py
MINOR	0	0	1412	88768	CaseCrack/tools/burp_enterprise/email_hardening/__init__.py	C:\Users\ya754\AppData\Roaming\Code\User\History\-3bcd2844\XCHc.py	basename	file:///c%3A/Users/ya754/Shopigy/tools/burp_enterprise/__init__.py
MINOR	0	2	1660	88768	CaseCrack/tools/burp_enterprise/exploit_chains/__init__.py	C:\Users\ya754\AppData\Roaming\Code\User\History\-3bcd2844\XCHc.py	basename	file:///c%3A/Users/ya754/Shopigy/tools/burp_enterprise/__init__.py
MINOR	0	0	5169	88768	CaseCrack/tools/burp_enterprise/graph/__init__.py	C:\Users\ya754\AppData\Roaming\Code\User\History\-3bcd2844\XCHc.py	basename	file:///c%3A/Users/ya754/Shopigy/tools/burp_enterprise/__init__.py
MINOR	0	0	1353	88768	CaseCrack/tools/burp_enterprise/graphql/__init__.py	C:\Users\ya754\AppData\Roaming\Code\User\History\-3bcd2844\XCHc.py	basename	file:///c%3A/Users/ya754/Shopigy/tools/burp_enterprise/__init__.py
MINOR	0	1	2843	88768	CaseCrack/tools/burp_enterprise/inference/__init__.py	C:\Users\ya754\AppData\Roaming\Code\User\History\-3bcd2844\XCHc.py	basename	file:///c%3A/Users/ya754/Shopigy/tools/burp_enterprise/__init__.py
MINOR	0	0	1041	88768	CaseCrack/tools/burp_enterprise/integrations/__init__.py	C:\Users\ya754\AppData\Roaming\Code\User\History\-3bcd2844\XCHc.py	basename	file:///c%3A/Users/ya754/Shopigy/tools/burp_enterprise/__init__.py
MINOR	0	1	612	88768	CaseCrack/tools/burp_enterprise/intel/__init__.py	C:\Users\ya754\AppData\Roaming\Code\User\History\-3bcd2844\XCHc.py	basename	file:///c%3A/Users/ya754/Shopigy/tools/burp_enterprise/__init__.py
MINOR	0	0	7342	88768	CaseCrack/tools/burp_enterprise/loop/__init__.py	C:\Users\ya754\AppData\Roaming\Code\User\History\-3bcd2844\XCHc.py	basename	file:///c%3A/Users/ya754/Shopigy/tools/burp_enterprise/__init__.py
MINOR	0	0	90	88768	CaseCrack/tools/burp_enterprise/mcp/__init__.py	C:\Users\ya754\AppData\Roaming\Code\User\History\-3bcd2844\XCHc.py	basename	file:///c%3A/Users/ya754/Shopigy/tools/burp_enterprise/__init__.py
MINOR	0	0	966	88768	CaseCrack/tools/burp_enterprise/memory/__init__.py	C:\Users\ya754\AppData\Roaming\Code\User\History\-3bcd2844\XCHc.py	basename	file:///c%3A/Users/ya754/Shopigy/tools/burp_enterprise/__init__.py
MINOR	0	0	91	88768	CaseCrack/tools/burp_enterprise/misc/__init__.py	C:\Users\ya754\AppData\Roaming\Code\User\History\-3bcd2844\XCHc.py	basename	file:///c%3A/Users/ya754/Shopigy/tools/burp_enterprise/__init__.py
MINOR	0	0	947	88768	CaseCrack/tools/burp_enterprise/network/__init__.py	C:\Users\ya754\AppData\Roaming\Code\User\History\-3bcd2844\XCHc.py	basename	file:///c%3A/Users/ya754/Shopigy/tools/burp_enterprise/__init__.py
MINOR	0	0	857	88768	CaseCrack/tools/burp_enterprise/notifications/__init__.py	C:\Users\ya754\AppData\Roaming\Code\User\History\-3bcd2844\XCHc.py	basename	file:///c%3A/Users/ya754/Shopigy/tools/burp_enterprise/__init__.py
MINOR	0	0	2269	88768	CaseCrack/tools/burp_enterprise/osint_providers/__init__.py	C:\Users\ya754\AppData\Roaming\Code\User\History\-3bcd2844\XCHc.py	basename	file:///c%3A/Users/ya754/Shopigy/tools/burp_enterprise/__init__.py
MINOR	0	0	93	88768	CaseCrack/tools/burp_enterprise/output/__init__.py	C:\Users\ya754\AppData\Roaming\Code\User\History\-3bcd2844\XCHc.py	basename	file:///c%3A/Users/ya754/Shopigy/tools/burp_enterprise/__init__.py
MINOR	0	0	2043	88768	CaseCrack/tools/burp_enterprise/passive_templates/__init__.py	C:\Users\ya754\AppData\Roaming\Code\User\History\-3bcd2844\XCHc.py	basename	file:///c%3A/Users/ya754/Shopigy/tools/burp_enterprise/__init__.py
MINOR	0	0	95	88768	CaseCrack/tools/burp_enterprise/pipeline/__init__.py	C:\Users\ya754\AppData\Roaming\Code\User\History\-3bcd2844\XCHc.py	basename	file:///c%3A/Users/ya754/Shopigy/tools/burp_enterprise/__init__.py
MINOR	0	0	1090	88768	CaseCrack/tools/burp_enterprise/platforms/__init__.py	C:\Users\ya754\AppData\Roaming\Code\User\History\-3bcd2844\XCHc.py	basename	file:///c%3A/Users/ya754/Shopigy/tools/burp_enterprise/__init__.py
MINOR	0	0	3033	88768	CaseCrack/tools/burp_enterprise/reasoning/__init__.py	C:\Users\ya754\AppData\Roaming\Code\User\History\-3bcd2844\XCHc.py	basename	file:///c%3A/Users/ya754/Shopigy/tools/burp_enterprise/__init__.py
MINOR	0	0	92	88768	CaseCrack/tools/burp_enterprise/recon/__init__.py	C:\Users\ya754\AppData\Roaming\Code\User\History\-3bcd2844\XCHc.py	basename	file:///c%3A/Users/ya754/Shopigy/tools/burp_enterprise/__init__.py
MINOR	0	0	696	88768	CaseCrack/tools/burp_enterprise/reporting/__init__.py	C:\Users\ya754\AppData\Roaming\Code\User\History\-3bcd2844\XCHc.py	basename	file:///c%3A/Users/ya754/Shopigy/tools/burp_enterprise/__init__.py
MINOR	0	0	95	88768	CaseCrack/tools/burp_enterprise/scanners/__init__.py	C:\Users\ya754\AppData\Roaming\Code\User\History\-3bcd2844\XCHc.py	basename	file:///c%3A/Users/ya754/Shopigy/tools/burp_enterprise/__init__.py
MINOR	0	0	636	88768	CaseCrack/tools/burp_enterprise/secrets/__init__.py	C:\Users\ya754\AppData\Roaming\Code\User\History\-3bcd2844\XCHc.py	basename	file:///c%3A/Users/ya754/Shopigy/tools/burp_enterprise/__init__.py
MINOR	0	0	99	88768	CaseCrack/tools/burp_enterprise/session_auth/__init__.py	C:\Users\ya754\AppData\Roaming\Code\User\History\-3bcd2844\XCHc.py	basename	file:///c%3A/Users/ya754/Shopigy/tools/burp_enterprise/__init__.py
MINOR	0	0	4999	88768	CaseCrack/tools/burp_enterprise/swarm/__init__.py	C:\Users\ya754\AppData\Roaming\Code\User\History\-3bcd2844\XCHc.py	basename	file:///c%3A/Users/ya754/Shopigy/tools/burp_enterprise/__init__.py
MINOR	0	0	1055	88768	CaseCrack/tools/burp_enterprise/testing_tools/__init__.py	C:\Users\ya754\AppData\Roaming\Code\User\History\-3bcd2844\XCHc.py	basename	file:///c%3A/Users/ya754/Shopigy/tools/burp_enterprise/__init__.py
MINOR	0	0	2351	88768	CaseCrack/tools/burp_enterprise/tool_registry/__init__.py	C:\Users\ya754\AppData\Roaming\Code\User\History\-3bcd2844\XCHc.py	basename	file:///c%3A/Users/ya754/Shopigy/tools/burp_enterprise/__init__.py
MINOR	0	1	7724	88768	CaseCrack/tools/burp_enterprise/tool_wrappers/__init__.py	C:\Users\ya754\AppData\Roaming\Code\User\History\-3bcd2844\XCHc.py	basename	file:///c%3A/Users/ya754/Shopigy/tools/burp_enterprise/__init__.py
MINOR	0	0	3154	88768	CaseCrack/tools/burp_enterprise/vuln_intel/__init__.py	C:\Users\ya754\AppData\Roaming\Code\User\History\-3bcd2844\XCHc.py	basename	file:///c%3A/Users/ya754/Shopigy/tools/burp_enterprise/__init__.py
MINOR	0	0	2027	88768	CaseCrack/tools/burp_enterprise/wasm_analysis/__init__.py	C:\Users\ya754\AppData\Roaming\Code\User\History\-3bcd2844\XCHc.py	basename	file:///c%3A/Users/ya754/Shopigy/tools/burp_enterprise/__init__.py
MINOR	0	0	3599	88768	CaseCrack/tools/burp_enterprise/cli/_parsers/__init__.py	C:\Users\ya754\AppData\Roaming\Code\User\History\-3bcd2844\XCHc.py	basename	file:///c%3A/Users/ya754/Shopigy/tools/burp_enterprise/__init__.py
MINOR	0	0	889	88768	CaseCrack/tools/burp_enterprise/compliance_pkg/checks/__init__.py	C:\Users\ya754\AppData\Roaming\Code\User\History\-3bcd2844\XCHc.py	basename	file:///c%3A/Users/ya754/Shopigy/tools/burp_enterprise/__init__.py
MINOR	0	0	3246	88768	CaseCrack/tools/burp_enterprise/graph/multi_agent/__init__.py	C:\Users\ya754\AppData\Roaming\Code\User\History\-3bcd2844\XCHc.py	basename	file:///c%3A/Users/ya754/Shopigy/tools/burp_enterprise/__init__.py
MINOR	0	0	2029	88768	CaseCrack/tools/burp_enterprise/graph/reasoning/__init__.py	C:\Users\ya754\AppData\Roaming\Code\User\History\-3bcd2844\XCHc.py	basename	file:///c%3A/Users/ya754/Shopigy/tools/burp_enterprise/__init__.py
MINOR	0	0	0	88768	CaseCrack/tools/burp_enterprise/graph/multi_agent/tests/__init__.py	C:\Users\ya754\AppData\Roaming\Code\User\History\-3bcd2844\XCHc.py	basename	file:///c%3A/Users/ya754/Shopigy/tools/burp_enterprise/__init__.py
MINOR	0	0	2143	88768	CaseCrack/tools/burp_enterprise/inference/model_management/__init__.py	C:\Users\ya754\AppData\Roaming\Code\User\History\-3bcd2844\XCHc.py	basename	file:///c%3A/Users/ya754/Shopigy/tools/burp_enterprise/__init__.py
MINOR	0	3	8334	88768	CaseCrack/tools/burp_enterprise/recon_dashboard/phase_handlers/__init__.py	C:\Users\ya754\AppData\Roaming\Code\User\History\-3bcd2844\XCHc.py	basename	file:///c%3A/Users/ya754/Shopigy/tools/burp_enterprise/__init__.py
MINOR	0	0	2642	88768	CaseCrack/tools/burp_enterprise/swarm/multi_gpu/__init__.py	C:\Users\ya754\AppData\Roaming\Code\User\History\-3bcd2844\XCHc.py	basename	file:///c%3A/Users/ya754/Shopigy/tools/burp_enterprise/__init__.py
MINOR	2	0	68474	77265	CaseCrack/tools/burp_enterprise/stealth_orchestrator.py	C:\Users\ya754\AppData\Roaming\Code\User\History\768ce44c\XzuM.py	basename	file:///c%3A/Users/ya754/CaseCrack%20v1.0/CaseCrack/tools/burp_enterprise/stealth_orchestrator.py
MINOR	1	0	23393	75209	CaseCrack/tools/burp_enterprise/recon_dashboard/atlas_api.py	C:\Users\ya754\AppData\Roaming\Code\User\History\5f0d7241\3msW.py	basename	file:///c%3A/Users/ya754/CaseCrack%20v1.0/CaseCrack/tools/burp_enterprise/recon_dashboard/atlas_api.py
MINOR	2	0	61227	72850	CaseCrack/tools/burp_enterprise/adaptive_chain_engine.py	C:\Users\ya754\AppData\Roaming\Code\User\History\65624233\dHgJ.py	basename	file:///c%3A/Users/ya754/CaseCrack%20v1.0/CaseCrack/tools/burp_enterprise/adaptive_chain_engine.py
MINOR	2	2	4235	61039	CaseCrack/tools/burp_enterprise/_spa_shell.py	C:\Users\ya754\AppData\Roaming\Code\User\History\-41d37f04\9ajd.py	basename	file:///c%3A/Users/ya754/CaseCrack%20v1.0/CaseCrack/tools/burp_enterprise/_spa_shell.py
MINOR	0	0	42420	49913	CaseCrack/tools/burp_enterprise/recon_dashboard/report_filters.py	C:\Users\ya754\AppData\Roaming\Code\User\History\-435cb2e9\KOwP.py	basename	file:///c%3A/Users/ya754/CaseCrack%20v1.0/CaseCrack/tools/burp_enterprise/recon_dashboard/report_filters.py
MINOR	1	2	33078	48683	CaseCrack/tools/burp_enterprise/testing_tools/intercept.py	C:\Users\ya754\AppData\Roaming\Code\User\History\402b2580\Fj9I.py	basename	file:///c%3A/Users/ya754/Shopigy/tools/burp_enterprise/intercept.py
MINOR	1	0	29241	35894	CaseCrack/tools/burp_enterprise/atlas/atlas_nexus.py	C:\Users\ya754\AppData\Roaming\Code\User\History\-233a72b\d4VR.py	basename	file:///c%3A/Users/ya754/CaseCrack%20v1.0/CaseCrack/tools/burp_enterprise/atlas/atlas_nexus.py
MINOR	2	1	30260	34349	CaseCrack/tools/burp_enterprise/output/reporter.py	C:\Users\ya754\AppData\Roaming\Code\User\History\-58dd0153\TNaR.py	basename	file:///c%3A/Users/ya754/CaseCrack%20v1.0/CaseCrack/tools/burp_enterprise/output/reporter.py
MINOR	0	0	21401	26439	CaseCrack/tools/burp_enterprise/recon_dashboard/findings_store.py	C:\Users\ya754\AppData\Roaming\Code\User\History\-51a8eae5\QiEZ.py	basename	file:///c%3A/Users/ya754/CaseCrack%20v1.0/CaseCrack/tools/burp_enterprise/recon_dashboard/findings_store.py
MINOR	0	0	19952	23236	CaseCrack/tools/burp_enterprise/exploit_chains/exploit_graph_renderer.py	C:\Users\ya754\AppData\Roaming\Code\User\History\-4892436\1RAf.py	basename	file:///c%3A/Users/ya754/CaseCrack%20v1.0/CaseCrack/tools/burp_enterprise/exploit_graph_renderer.py
MINOR	1	0	16001	19587	CaseCrack/tools/burp_enterprise/tool_wrappers/uncover_provider.py	C:\Users\ya754\AppData\Roaming\Code\User\History\-4df21b08\BuMv.py	basename	file:///c%3A/Users/ya754/CaseCrack%20v1.0/CaseCrack/tools/burp_enterprise/tool_wrappers/uncover_provider.py
MINOR	2	0	9257	18196	CaseCrack/tools/burp_enterprise/tool_wrappers/dalfox_provider.py	C:\Users\ya754\AppData\Roaming\Code\User\History\-6200fdec\yFSF.py	basename	file:///c%3A/Users/ya754/CaseCrack%20v1.0/CaseCrack/tools/burp_enterprise/tool_wrappers/dalfox_provider.py
MINOR	0	0	15166	17201	CaseCrack/tools/burp_enterprise/atlas/patterns.py	C:\Users\ya754\AppData\Roaming\Code\User\History\-5408bbb5\HTk4.py	basename	file:///c%3A/Users/ya754/CaseCrack%20v1.0/CaseCrack/tools/burp_enterprise/atlas/patterns.py
MINOR	2	0	7666	15317	CaseCrack/tools/burp_enterprise/platforms/generic.py	C:\Users\ya754\AppData\Roaming\Code\User\History\464f93d4\XWh3.py	basename	file:///c%3A/Users/ya754/CaseCrack%20v1.0/CaseCrack/tools/burp_enterprise/platforms/generic.py
MINOR	3	1	8824	14560	CaseCrack/tools/burp_enterprise/cli/_parsers/protocol.py	C:\Users\ya754\AppData\Roaming\Code\User\History\-201ed94\oKDg.py	basename	file:///c%3A/Users/ya754/CaseCrack%20v1.0/CaseCrack/tools/burp_enterprise/cli/commands/protocol.py
MINOR	3	1	2639	11027	CaseCrack/tools/burp_enterprise/cli/_parsers/dashboard.py	C:\Users\ya754\AppData\Roaming\Code\User\History\7d14f3f6\XGcO.py	basename	file:///c%3A/Users/ya754/CaseCrack%20v1.0/CaseCrack/tools/burp_enterprise/cli/commands/dashboard.py
MINOR	1	1	3158	11008	CaseCrack/tools/burp_enterprise/cli/_parsers/nuclei_gen.py	C:\Users\ya754\AppData\Roaming\Code\User\History\648200ff\vSk3.py	basename	file:///c%3A/Users/ya754/CaseCrack%20v1.0/CaseCrack/tools/burp_enterprise/cli/commands/nuclei_gen.py
MINOR	3	1	2065	10865	CaseCrack/tools/burp_enterprise/cli/_parsers/attack_reason.py	C:\Users\ya754\AppData\Roaming\Code\User\History\65d93b8f\DO9n.py	basename	file:///c%3A/Users/ya754/CaseCrack%20v1.0/CaseCrack/tools/burp_enterprise/cli/commands/attack_reason.py
MINOR	0	0	9370	10543	CaseCrack/tests/test_osint_recon_comprehensive.py	C:\Users\ya754\AppData\Roaming\Code\User\History\5a6e1c95\HqJ8.py	basename	file:///c%3A/Users/ya754/CaseCrack%20v1.0/CaseCrack/tests/test_osint_recon_comprehensive.py
MINOR	1	0	7268	8281	CaseCrack/tools/burp_enterprise/tool_wrappers/nuclei_provider.py	C:\Users\ya754\AppData\Roaming\Code\User\History\-65c61b8\DieP.py	basename	file:///c%3A/Users/ya754/CaseCrack%20v1.0/CaseCrack/tools/burp_enterprise/tool_wrappers/nuclei_provider.py
MINOR	3	1	1574	7825	CaseCrack/tools/burp_enterprise/cli/_parsers/resume.py	C:\Users\ya754\AppData\Roaming\Code\User\History\68b4e3f7\SmNg.py	basename	file:///c%3A/Users/ya754/CaseCrack%20v1.0/CaseCrack/tools/burp_enterprise/cli/commands/resume.py
MINOR	3	1	1413	7779	CaseCrack/tools/burp_enterprise/cli/_parsers/ask.py	C:\Users\ya754\AppData\Roaming\Code\User\History\595c9831\ejvJ.py	basename	file:///c%3A/Users/ya754/CaseCrack%20v1.0/CaseCrack/tools/burp_enterprise/cli/commands/ask.py
MINOR	2	0	3479	7059	CaseCrack/tools/burp_enterprise/secrets/custom_detector_loader.py	C:\Users\ya754\AppData\Roaming\Code\User\History\b62a7f4\YQax.py	basename	file:///c%3A/Users/ya754/CaseCrack%20v1.0/CaseCrack/tools/burp_enterprise/custom_detector_loader.py
MINOR	0	0	5847	6837	CaseCrack/tools/burp_enterprise/ai_ml/_scanner.py	C:\Users\ya754\AppData\Roaming\Code\User\History\bdc68fa\yOK2.py	basename	file:///c%3A/Users/ya754/CaseCrack%20v1.0/CaseCrack/tools/burp_enterprise/ai_ml/_scanner.py
MINOR	2	1	1843	6263	CaseCrack/tools/burp_enterprise/cli/_parsers/http3.py	C:\Users\ya754\AppData\Roaming\Code\User\History\-6c795401\e01C.py	basename	file:///c%3A/Users/ya754/CaseCrack%20v1.0/CaseCrack/tools/burp_enterprise/cli/commands/http3.py
MINOR	2	1	2824	5666	CaseCrack/tools/burp_enterprise/cli/_parsers/ai_scan.py	C:\Users\ya754\AppData\Roaming\Code\User\History\2d882716\dODM.py	basename	file:///c%3A/Users/ya754/CaseCrack%20v1.0/CaseCrack/tools/burp_enterprise/cli/commands/ai_scan.py
